,Precision,Recall,F1-score,Support
Negative,1,0.957627119,0.978354978,118
Positive,0.983193277,0.975,0.979079498,120
Neutral,0.953333333,0.993055556,0.972789116,144
Accuracy,0.976439791,0.976439791,0.976439791,0.976439791
Macro Avg,0.978842204,0.975227558,0.976741197,382
Weighted Avg,0.977128778,0.976439791,0.97648445,382
