,Precision,Recall,F1-score,Support
Negative,0.753731343,0.885964912,0.814516129,114
Neutral,0.854166667,0.672131148,0.752293578,61
Positive,0.666666667,0.540540541,0.597014925,37
Accuracy,0.764150943,0.764150943,0.764150943,0.764150943
Macro Avg,0.758188226,0.699545533,0.721274877,212
Weighted Avg,0.767434936,0.764150943,0.758652355,212
