,precision,recall,f1-score,support
negative,0.753731343283582,0.8859649122807017,0.8145161290322581,114.0
neutral,0.8541666666666666,0.6721311475409836,0.7522935779816514,61.0
positive,0.6666666666666666,0.5405405405405406,0.5970149253731343,37.0
accuracy,0.7641509433962265,0.7641509433962265,0.7641509433962265,0.7641509433962265
macro avg,0.7581882255389717,0.6995455334540752,0.721274877462348,212.0
weighted avg,0.7674349361682155,0.7641509433962265,0.7586523547422835,212.0
